case_id,folder,name,short_name,date,year,predecessors,successor,alias
CON-001,"South East Vermont Transit (SEVT)","SEVT (Deerfield Valley Transit Association/DVTA + Connecticut River Transit/CRT -> Southeast Vermont Transit)",sevt,2015-07-01,2015,"Connecticut River Transit, Inc. / CRT (NTD 10141); Deerfield Valley Transit Association / DVTA (NTD 10144)","Southeast Vermont Transit, Inc. / SEVT (NTD 10144)",
CON-002,"Greater Portland Transit District (Metro)","Metro (City of South Portland / South Portland Bus -> Greater Portland Transit District / Metro, expanded)",metro,2024-12-29,2025,"City of South Portland / South Portland Bus (NTD 10098)","Greater Portland Transit District / Metro (NTD 10029)",
CON-005,"Western Piedmont Regional Transit Authority (Greenway Transit)","Greenway (Alexander County + Burke County + Caldwell County + Catawba County/Piedmont Wagon -> Western Piedmont Regional Transit Authority)",greenway,2008-07-01,2008,"Alexander County Transportation; Burke County Transportation; Caldwell County Transportation; Piedmont Wagon Transit System / City of Hickory","Western Piedmont Regional Transit Authority / Greenway Transit (NTD 40158)",
CON-006,"MTA Bus Company (MTABUS)","MTA Bus (7 private NYC bus companies -> MTA Bus Company)",mtabus,2005-01-03,2005,"Green Bus Lines (20114); Jamaica Buses (20115); Triboro Coach (20116); Liberty Lines Express (20117); New York Bus Service (20118); Command Bus (20119); Queens Surface (20121)","MTA Bus Company (NTD 20188)",
CON-007,"Victor Valley Transit Authority (VVTA)","VVTA (Barstow Area Transit/BAT -> Victor Valley Transit Authority, expanded)",vvta,2015-07-01,2015,"Barstow Area Transit / BAT (City of Barstow, NTD 90230)","Victor Valley Transit Authority (NTD 90148)",
CON-008,"Susquehanna Regional Transportation Authority (SRTA)","SRTA (rabbittransit/CPTA + Capital Area Transit/CAT -> Susquehanna Regional Transportation Authority)",srta,2022-01-01,2022,"Central Pennsylvania Transportation Authority / rabbittransit (NTD 30027); Cumberland-Dauphin-Harrisburg Transit Authority / CAT (NTD 30014)","Susquehanna Regional Transportation Authority / SRTA (NTD 30206)",
CON-009,"Capital District Transit Authority (CDTA)","CDTA (Greater Glens Falls Transit / GGFT -> Capital District Transportation Authority, expanded)",cdta,2024-01-01,2024,"Greater Glens Falls Transit / GGFT (City of Glens Falls, NTD 20120)","Capital District Transportation Authority / CDTA (NTD 20002)",
CON-010,"Tulare County Regional Transit Agency (TCRT)","TCRTA (8 Tulare County operators -> Tulare County Regional Transit Agency)",tcrta,2020-08-17,2020,"City of Dinuba, City of Porterville (90184), City of Tulare (90187), City of Visalia (90082), City of Woodlake, County of Tulare (90240), Exeter, Farmersville, Lindsay","Tulare County Regional Transit Agency / TCRTA (NTD 90310)",
CON-011,"Sacramento Regional Transit District (SAC RT)","SacRT (Elk Grove e-tran folded into Sacramento Regional Transit District)",sacrt,2021-07-01,2021,"City of Elk Grove / e-tran (NTD 90205)","Sacramento Regional Transit District / SacRT (NTD 90019)",
CON-012,"Solano County Transit (SolTrans)","SolTrans (Vallejo Transit + Benicia Transit -> Solano County Transit)",soltrans,2011-07-01,2011,"City of Vallejo / Vallejo Transit (NTD 90059); City of Benicia / Benicia Breeze (NTD 90150)","Solano County Transit / SolTrans (NTD 90232)",
CON-013,"York Adams Transportation Authority (rabbittransit)","rabbittransit (York County Transportation Authority + Adams County Transit Authority -> York Adams Transportation Authority / rabbittransit)",rabbittransit,2011-09-28,2011,"York County Transportation Authority (NTD 30027); Adams County Transit Authority","York Adams Transportation Authority / rabbittransit (NTD 30027)",
CON-014,"San Diego Association of Governments (SANDAG)","SANDAG (CA Planning & Governance Consolidation: MTDB + NCTD planning into SANDAG under SB 1703)",sandag,2003-01-01,2003,"Metropolitan Transit Development Board (MTDB); North County Transit District (NCTD)","San Diego Association of Governments (SANDAG)",
CON-015,"South Central Transit Authority (SCTA)","SCTA (Red Rose Transit Authority/RRTA + Berks Area Regional Transportation Authority/BARTA -> South Central Transit Authority)",scta,2014-12-11,2016,"Red Rose Transit Authority / RRTA (NTD 30018); Berks Area Regional Transportation Authority / BARTA (NTD 30024)","South Central Transit Authority / SCTA (NTD 30202)",CAND-004
CON-016,"Stanislaus Regional Transit Authority (StanRTA)","StanRTA (City of Modesto MAX + Stanislaus County StaRT -> Stanislaus Regional Transit Authority)",stanrta,2021-01-26,2021,"City of Modesto / Modesto Area Express MAX (NTD 90098); Stanislaus County / StaRT (NTD 90209)","Stanislaus Regional Transit Authority / StanRTA (NTD 90306)",CAND-008
