id,case_id,case_name,year,event_year,phase,event_time,post,is_human_verified,ntd_upt_cal_all,ntd_upt_cal_bus,ntd_vrm_cal_all,ntd_vrm_cal_bus,ntd_vrh_cal_all,ntd_vrh_cal_bus,ntd_months_n,ntd_upt_ry,ntd_vrm_ry,ntd_vrh_ry,ntd_voms_ry,ry_n_agencies,opexp_ry_usd,opexp_n_agencies,lodes_jobs_total,lodes_age_29minus,lodes_age_30_54,lodes_age_55plus,lodes_earn_low,lodes_earn_mid,lodes_earn_high,qwi_emp_beg_avg,qwi_emp_fq_avg,qwi_hires,qwi_seps,qwi_netchg,qwi_fq_earn_avg,acs_pop,acs_med_hh_income,acs_med_age,acs_pct_poverty,acs_pct_renter,acs_pct_nh_white,acs_pct_hispanic,has_lodes,has_qwi,has_acs,has_opexp,has_ntd_monthly,jobs_total,age_29_or_younger,age_30_to_54,age_55_or_older,earn_low,earn_mid,earn_high,ntd_voms_cal_avg
190,CON-010,TCRTA (8 Tulare County operators -> Tulare County Regional Transit Agency),2000,2020,PRE,-20,0,0,,,,,,,0.0,,,,,,,,,,,,,,,,,,,,,,,,,,,,0,0,0,0,0,,,,,,,,
191,CON-010,TCRTA (8 Tulare County operators -> Tulare County Regional Transit Agency),2001,2020,PRE,-19,0,0,,,,,,,0.0,,,,,,,,,,,,,,,,,,,,,,,,,,,,0,0,0,0,0,,,,,,,,
192,CON-010,TCRTA (8 Tulare County operators -> Tulare County Regional Transit Agency),2002,2020,PRE,-18,0,0,,,,,,,0.0,,,,,,,,,,,,,,,,,,,,,,,,,,,,0,0,0,0,0,,,,,,,,
193,CON-010,TCRTA (8 Tulare County operators -> Tulare County Regional Transit Agency),2003,2020,PRE,-17,0,0,,,,,,,0.0,,,,,,,,,,,,,,,,,,,,,,,,,,,,0,0,0,0,0,,,,,,,,
194,CON-010,TCRTA (8 Tulare County operators -> Tulare County Regional Transit Agency),2004,2020,PRE,-16,0,0,,,,,,,0.0,,,,,,,,,,,,,,,,,,,,,,,,,,,,0,0,0,0,0,,,,,,,,
195,CON-010,TCRTA (8 Tulare County operators -> Tulare County Regional Transit Agency),2005,2020,PRE,-15,0,0,,,,,,,0.0,,,,,,,,,,,,,,,,,,,,,,,,,,,,0,0,0,0,0,,,,,,,,
196,CON-010,TCRTA (8 Tulare County operators -> Tulare County Regional Transit Agency),2006,2020,PRE,-14,0,0,,,,,,,0.0,,,,,,,,,,,,,,,,,,,,,,,,,,,,0,0,0,0,0,,,,,,,,
197,CON-010,TCRTA (8 Tulare County operators -> Tulare County Regional Transit Agency),2007,2020,PRE,-13,0,0,,,,,,,0.0,,,,,,,,,,,,,,,,,,,,,,,,,,,,0,0,0,0,0,,,,,,,,
198,CON-010,TCRTA (8 Tulare County operators -> Tulare County Regional Transit Agency),2008,2020,PRE,-12,0,0,,,,,,,0.0,,,,,,,,,,,,,,,,,,,,,,,,,,,,0,0,0,0,0,,,,,,,,
199,CON-010,TCRTA (8 Tulare County operators -> Tulare County Regional Transit Agency),2009,2020,PRE,-11,0,0,,,,,,,0.0,,,,,,,,,,,,,,,,,,,,,416299.0,43164.0,29.3,,40.3,36.3,56.7,0,0,1,0,0,,,,,,,,
200,CON-010,TCRTA (8 Tulare County operators -> Tulare County Regional Transit Agency),2010,2020,PRE,-10,0,0,,,,,,,0.0,,,,,,,,138718.0,36235.0,77245.0,25238.0,43272.0,59958.0,35488.0,,,,,,,429404.0,43851.0,29.4,,40.7,34.2,58.9,1,0,1,0,0,138718.0,36235.0,77245.0,25238.0,43272.0,59958.0,35488.0,
201,CON-010,TCRTA (8 Tulare County operators -> Tulare County Regional Transit Agency),2011,2020,PRE,-9,0,0,,,,,,,0.0,,,,,,,,142347.0,35972.0,78995.0,27380.0,44240.0,61927.0,36180.0,,,,,,,436234.0,43550.0,29.5,,41.1,33.4,59.8,1,0,1,0,0,142347.0,35972.0,78995.0,27380.0,44240.0,61927.0,36180.0,
202,CON-010,TCRTA (8 Tulare County operators -> Tulare County Regional Transit Agency),2012,2020,PRE,-8,0,0,,,,,,,0.0,,,,,,,,143963.0,34372.0,80342.0,29249.0,45228.0,61763.0,36972.0,,,,,,,441877.0,43803.0,29.7,,41.4,32.6,60.6,1,0,1,0,0,143963.0,34372.0,80342.0,29249.0,45228.0,61763.0,36972.0,
203,CON-010,TCRTA (8 Tulare County operators -> Tulare County Regional Transit Agency),2013,2020,PRE,-7,0,0,,,,,,,0.0,,,,,,,,148447.0,34947.0,82720.0,30780.0,46319.0,62782.0,39346.0,,,,,,,446644.0,42708.0,29.9,,42.5,31.9,61.2,1,0,1,0,0,148447.0,34947.0,82720.0,30780.0,46319.0,62782.0,39346.0,
204,CON-010,TCRTA (8 Tulare County operators -> Tulare County Regional Transit Agency),2014,2020,PRE,-6,0,0,,,,,,,0.0,,,,,,,,151054.0,35466.0,83461.0,32127.0,47629.0,62861.0,40564.0,,,,,,,451108.0,42863.0,30.1,,42.8,31.3,61.9,1,0,1,0,0,151054.0,35466.0,83461.0,32127.0,47629.0,62861.0,40564.0,
205,CON-010,TCRTA (8 Tulare County operators -> Tulare County Regional Transit Agency),2015,2020,PRE,-5,0,0,,,,,,,0.0,,,,,,9763149.0,8.0,153744.0,35773.0,84486.0,33485.0,46631.0,64972.0,42141.0,,,,,,,454033.0,42031.0,30.3,,43.3,30.7,62.4,1,0,1,1,0,153744.0,35773.0,84486.0,33485.0,46631.0,64972.0,42141.0,
206,CON-010,TCRTA (8 Tulare County operators -> Tulare County Regional Transit Agency),2016,2020,PRE,-4,0,0,,,,,,,0.0,,,,,,10313242.0,5.0,158289.0,38365.0,85708.0,34216.0,44310.0,67649.0,46330.0,,,,,,,455769.0,42789.0,30.4,,43.5,30.1,63.0,1,0,1,1,0,158289.0,38365.0,85708.0,34216.0,44310.0,67649.0,46330.0,
207,CON-010,TCRTA (8 Tulare County operators -> Tulare County Regional Transit Agency),2017,2020,PRE,-3,0,0,,,,,,,0.0,,,,,,11326856.0,5.0,158948.0,37872.0,85882.0,35194.0,44754.0,65364.0,48830.0,160863.5,132253.5,220806.0,223448.0,,3469.8,458809.0,44871.0,30.6,,43.8,29.5,63.6,1,1,1,1,0,158948.0,37872.0,85882.0,35194.0,44754.0,65364.0,48830.0,
208,CON-010,TCRTA (8 Tulare County operators -> Tulare County Regional Transit Agency),2018,2020,PRE,-2,0,0,,,,,,,0.0,,,,,,11440592.0,5.0,158357.0,37277.0,85422.0,35658.0,43674.0,63875.0,50808.0,161436.8,133308.8,221313.0,219589.0,,3537.0,460477.0,47518.0,30.8,,43.2,29.0,64.1,1,1,1,1,0,158357.0,37277.0,85422.0,35658.0,43674.0,63875.0,50808.0,
209,CON-010,TCRTA (8 Tulare County operators -> Tulare County Regional Transit Agency),2019,2020,PRE,-1,0,0,154986.0,146284.0,313837.0,282625.0,18623.0,15383.0,6.0,,,,,,12596040.0,5.0,159399.0,37112.0,86178.0,36109.0,40292.0,64045.0,55062.0,162852.2,134906.2,214777.0,213062.0,,3661.0,461898.0,49687.0,31.0,,42.9,28.5,64.6,1,1,1,1,1,159399.0,37112.0,86178.0,36109.0,40292.0,64045.0,55062.0,
210,CON-010,TCRTA (8 Tulare County operators -> Tulare County Regional Transit Agency),2020,2020,POST,0,1,0,221169.0,211607.0,600728.0,562390.0,34994.0,30796.0,12.0,,,,,,12237223.0,5.0,157971.0,35254.0,86093.0,36624.0,42564.0,58121.0,57286.0,159388.2,130589.8,214052.0,221565.0,,3962.0,463955.0,52534.0,31.2,,42.9,27.8,65.1,1,1,1,1,1,157971.0,35254.0,86093.0,36624.0,42564.0,58121.0,57286.0,
211,CON-010,TCRTA (8 Tulare County operators -> Tulare County Regional Transit Agency),2021,2020,POST,1,1,0,216117.0,204222.0,673120.0,635596.0,40635.0,35773.0,12.0,,,,,,12220614.0,5.0,155499.0,34961.0,84408.0,36130.0,31771.0,59211.0,64517.0,160394.2,132472.2,215521.0,207133.0,,4229.5,470999.0,57394.0,31.3,,42.6,27.0,65.8,1,1,1,1,1,155499.0,34961.0,84408.0,36130.0,31771.0,59211.0,64517.0,
212,CON-010,TCRTA (8 Tulare County operators -> Tulare County Regional Transit Agency),2022,2020,POST,2,1,0,494547.0,459183.0,1439655.0,1310594.0,81875.0,69946.0,12.0,,,,,,13230506.0,3.0,165634.0,37664.0,89360.0,38610.0,34225.0,58351.0,73058.0,168294.0,138567.5,220935.0,218098.0,,4400.5,473446.0,64474.0,31.5,,41.7,26.5,66.1,1,1,1,1,1,165634.0,37664.0,89360.0,38610.0,34225.0,58351.0,73058.0,
213,CON-010,TCRTA (8 Tulare County operators -> Tulare County Regional Transit Agency),2023,2020,POST,3,1,0,325842.0,298064.0,1024926.0,915615.0,59128.0,50736.0,6.0,,,,,,18655382.0,1.0,170584.0,37759.0,92515.0,40310.0,34885.0,55732.0,79967.0,172320.5,143113.2,217918.0,215262.0,,4485.5,475774.0,69489.0,31.9,,41.4,26.3,66.1,1,1,1,1,1,170584.0,37759.0,92515.0,40310.0,34885.0,55732.0,79967.0,
214,CON-010,TCRTA (8 Tulare County operators -> Tulare County Regional Transit Agency),2024,2020,POST,4,1,0,,,,,,,0.0,,,,,,19617213.0,1.0,,,,,,,,,,,,,,,,,,,,,0,0,0,1,0,,,,,,,,
215,CON-010,TCRTA (8 Tulare County operators -> Tulare County Regional Transit Agency),2025,2020,POST,5,1,0,,,,,,,0.0,,,,,,,,,,,,,,,,,,,,,,,,,,,,0,0,0,0,0,,,,,,,,
216,CON-010,TCRTA (8 Tulare County operators -> Tulare County Regional Transit Agency),2026,2020,POST,6,1,0,,,,,,,0.0,,,,,,,,,,,,,,,,,,,,,,,,,,,,0,0,0,0,0,,,,,,,,
