case_id,year,phase,event_time,post,ntd_upt_cal_all,ntd_upt_cal_bus,ntd_vrm_cal_all,ntd_vrm_cal_bus,ntd_vrh_cal_all,ntd_vrh_cal_bus,ntd_voms_cal_avg,ntd_months_n,ntd_upt_ry,ntd_vrm_ry,ntd_vrh_ry,ntd_voms_ry,ry_n_agencies,opexp_ry_usd,opexp_n_agencies,lodes_jobs_total,lodes_age_29minus,lodes_age_30_54,lodes_age_55plus,lodes_earn_low,lodes_earn_mid,lodes_earn_high,qwi_emp_beg_avg,qwi_emp_fq_avg,qwi_hires,qwi_seps,qwi_netchg,qwi_fq_earn_avg,acs_pop,acs_med_hh_income,acs_med_age,acs_pct_poverty,acs_pct_renter,acs_pct_nh_white,acs_pct_hispanic
CON-014,2000,PRE,-3,0,,,,,,,,0.0,,,,,,126710505.0,3.0,,,,,,,,160863.5,132253.5,220806.0,223448.0,,3469.8,,,,,,,
CON-014,2001,PRE,-2,0,,,,,,,,0.0,,,,,,124753172.0,3.0,,,,,,,,161436.8,133308.8,221313.0,219589.0,,3537.0,,,,,,,
CON-014,2002,PRE,-1,0,,,,,,,,0.0,,,,,,129319929.0,3.0,1170856.0,332675.0,696052.0,142129.0,346782.0,458516.0,365558.0,162852.2,134906.2,214777.0,213062.0,,3661.0,,,,,,,
CON-014,2003,POST,0,1,,,,,,,,0.0,,,,,,125731340.0,3.0,1182570.0,338584.0,695606.0,148380.0,343448.0,458291.0,380831.0,159388.2,130589.8,214052.0,221565.0,,3962.0,,,,,,,
CON-014,2004,POST,1,1,,,,,,,,0.0,,,,,,138258597.0,3.0,1195683.0,343398.0,695828.0,156457.0,336810.0,454290.0,404583.0,160394.2,132472.2,215521.0,207133.0,,4229.5,,,,,,,
CON-014,2005,POST,2,1,,,,,,,,0.0,,,,,,144919348.0,3.0,1216014.0,351596.0,699315.0,165103.0,328511.0,454509.0,432994.0,168294.0,138567.5,220935.0,218098.0,,4400.5,,,,,,,
CON-014,2006,POST,3,1,,,,,,,,0.0,,,,,,145715971.0,3.0,1234244.0,361984.0,698297.0,173963.0,326367.0,456417.0,451460.0,172320.5,143113.2,217918.0,215262.0,,4485.5,,,,,,,
CON-014,2007,POST,4,1,,,,,,,,0.0,,,,,,264063722.0,3.0,1230474.0,361181.0,687387.0,181906.0,312954.0,450847.0,466673.0,,,,,,,,,,,,,
CON-014,2008,POST,5,1,,,,,,,,0.0,,,,,,281997212.0,3.0,1250297.0,357821.0,699907.0,192569.0,305163.0,444004.0,501130.0,,,,,,,,,,,,,
CON-014,2009,POST,6,1,,,,,,,,0.0,,,,,,,,1192937.0,301743.0,695880.0,195314.0,285964.0,417790.0,489183.0,,,,,,,2987543.0,62901.0,34.5,,42.9,51.2,30.4
CON-014,2010,POST,7,1,,,,,,,,0.0,,,,,,,,1230279.0,303110.0,715887.0,211282.0,286773.0,423591.0,519915.0,,,,,,,3022468.0,63069.0,34.5,,44.1,49.7,31.1
CON-014,2011,POST,8,1,,,,,,,,0.0,,,,,,,,1249215.0,307174.0,718156.0,223885.0,297559.0,420101.0,531555.0,,,,,,,3060849.0,63857.0,34.6,,44.8,49.0,31.6
CON-014,2012,POST,9,1,,,,,,,,0.0,,,,,,,,1245192.0,284680.0,720062.0,240450.0,290174.0,418384.0,536634.0,,,,,,,3100500.0,63373.0,34.7,,45.5,48.5,32.0
CON-014,2013,POST,10,1,,,,,,,,0.0,,,,,,,,1275701.0,288456.0,734265.0,252980.0,292764.0,423432.0,559505.0,,,,,,,3138265.0,62962.0,34.8,,46.2,48.0,32.4
CON-014,2014,POST,11,1,,,,,,,,0.0,,,,,,,,,,,,,,,,,,,,,3183143.0,63996.0,34.9,,46.6,47.5,32.7
CON-014,2015,POST,12,1,,,,,,,,0.0,,,,,,,,,,,,,,,,,,,,,3223096.0,64309.0,35.1,,47.1,47.0,32.9
CON-014,2016,POST,13,1,,,,,,,,0.0,,,,,,,,,,,,,,,,,,,,,3253356.0,66529.0,35.3,,47.3,46.7,33.1
CON-014,2017,POST,14,1,,,,,,,,0.0,,,,,,,,,,,,,,,,,,,,,3283665.0,70588.0,35.4,,47.0,46.2,33.4
CON-014,2018,POST,15,1,,,,,,,,0.0,,,,,,,,,,,,,,,,,,,,,3302833.0,74855.0,35.6,,46.9,45.9,33.5
CON-014,2019,POST,16,1,,,,,,,,0.0,,,,,,,,,,,,,,,,,,,,,3316073.0,78980.0,35.8,,46.7,45.6,33.7
CON-014,2020,POST,17,1,,,,,,,,0.0,,,,,,,,,,,,,,,,,,,,,3323970.0,82426.0,36.1,,46.1,44.9,33.9
CON-014,2021,POST,18,1,,,,,,,,0.0,,,,,,,,,,,,,,,,,,,,,3296317.0,88240.0,36.3,,45.9,44.1,34.3
CON-014,2022,POST,19,1,,,,,,,,0.0,,,,,,,,,,,,,,,,,,,,,3289701.0,96974.0,36.7,,45.8,43.6,34.5
CON-014,2023,POST,20,1,,,,,,,,0.0,,,,,,,,,,,,,,,,,,,,,3282782.0,102285.0,37.1,,45.5,43.2,34.3
CON-014,2024,POST,21,1,,,,,,,,0.0,,,,,,,,,,,,,,,,,,,,,,,,,,,
CON-014,2025,POST,22,1,,,,,,,,0.0,,,,,,,,,,,,,,,,,,,,,,,,,,,
CON-014,2026,POST,23,1,,,,,,,,0.0,,,,,,,,,,,,,,,,,,,,,,,,,,,
